songID,title,artist,danceability,energy,key,loudness,mode,speechiness,acousticness,valence,tempo,duration_ms,time_signature
1,OMG,NewJeans,0.764,0.821,2,-4.015,1,0.0628,0.0689,0.651,123.99,203402,4
2,Hype Boy,NewJeans,0.852,0.932,1,-3.784,0,0.0526,0.00212,0.802,134.01,190701,4
3,That That,Psy and Suga,0.765,0.857,6,-2.706,1,0.123,0.0321,0.641,120.02,222149,4
4,Love Dive,IVE,0.673,0.821,8,-4.175,1,0.0368,0.0145,0.348,102.99,255299,4
5,Run BTS,BTS,0.788,0.913,11,-2.106,1,0.0429,0.0981,0.729,146.01,213758,4
6,Antifragile,LE SSERAFIM,0.843,0.856,4,-5.318,1,0.0398,0.197,0.548,120.99,176991,4
7,Wa Da Da,Kep1er,0.794,0.894,9,-3.356,1,0.0562,0.0899,0.743,128.01,202763,4
8,Typa Girl,BLACKPINK,0.769,0.95,10,-1.951,0,0.107,0.0106,0.867,123.99,218152,4
9,Hot,SEVENTEEN,0.806,0.934,5,-3.191,1,0.0638,0.00613,0.742,126.99,213386,4
10,Dice,NMIXX,0.824,0.891,11,-3.276,1,0.0869,0.0168,0.782,120.99,214840,4
11,Yet to Come,BTS,0.798,0.876,8,-3.812,0,0.0443,0.0331,0.682,132.01,227178,4
12,Attention,NewJeans,0.753,0.804,9,-3.982,1,0.0411,0.00207,0.669,119.99,206905,4
13,Feel My Rhythm,Red Velvet,0.842,0.863,4,-4.483,1,0.0549,0.0122,0.757,125.99,205105,4
14,Talk That Talk,TWICE,0.756,0.89,6,-3.012,0,0.0307,0.0186,0.573,114.01,204642,4
15,28 Reasons,Seulgi,0.786,0.829,2,-3.998,0,0.0358,0.251,0.704,115.99,192526,4
16,After Like,IVE,0.704,0.843,1,-2.857,0,0.0389,0.0728,0.632,98.01,218093,4
17,Tomboy,(G)I-DLE,0.802,0.882,0,-3.117,0,0.0601,0.00223,0.838,118.01,218573,4
18,Maniac,Stray Kids,0.743,0.82,0,-2.71,0,0.0959,0.0145,0.41,167.939,196444,4
19,Shut Down,BLACKPINK,0.818,0.899,6,-3.497,1,0.0575,0.0117,0.48,134.028,183584,4
20,Pop,Nayeon,0.725,0.823,11,-4.274,0,0.0344,0.131,0.653,115.039,192785,4
21,Life's Too Short,aespa,0.678,0.851,1,-3.768,1,0.0386,0.0425,0.399,112.017,202603,4
22,Darari,Treasure,0.768,0.858,4,-2.956,0,0.0546,0.0221,0.661,125.046,202587,4
23,Birthday,Red Velvet,0.809,0.882,1,-3.801,1,0.0515,0.0126,0.768,122.006,216264,4
24,Nxde,(G)I-DLE,0.78,0.906,7,-2.567,1,0.0592,0.0289,0.381,107.031,214421,4
25,Case 143,Stray Kids,0.745,0.875,9,-3.303,0,0.0766,0.0115,0.579,137.985,190104,4
26,Butter,BTS,0.759,0.459,8,-5.187,1,0.0948,0.00323,0.695,109.997,164442,4
27,The Feels,TWICE,0.808,0.903,9,-2.179,1,0.0729,0.0899,0.922,120.044,198053,4
28,Savage,aespa,0.727,0.879,9,-1.167,1,0.129,0.124,0.671,146.959,238144,4
29,Permission to Dance,BTS,0.702,0.741,9,-5.33,1,0.0427,0.00544,0.646,124.925,187585,4
30,In the morning,ITZY,0.846,0.814,6,-4.685,0,0.149,0.0823,0.722,140.055,172373,4
31,Alcohol-Free,TWICE,0.688,0.909,8,-1.992,1,0.0624,0.0474,0.702,97.097,210573,4
32,MONEY,LISA,0.826,0.553,1,-10.121,0,0.234,0.163,0.4,140.037,168228,4
33,ELEVEN,IVE,0.828,0.731,9,-3.033,1,0.111,0.0617,0.587,119.978,178453,4
34,Queendom,Red Velvet,0.695,0.896,5,-1.24,1,0.0847,0.179,0.508,119.959,181760,4
35,Celebrity,IU,0.73,0.784,9,-2.62,1,0.0691,0.191,0.673,99.995,195547,4
36,Hot Sauce,NCT DREAM,0.769,0.926,6,-1.627,1,0.0788,0.0127,0.551,100.034,195813,4
37,LILAC,IU,0.738,0.89,2,-2.275,0,0.0748,0.0895,0.75,114.942,214253,4
38,On The Ground,ROSÃ‰,0.311,0.607,1,-6.578,1,0.11,0.0174,0.286,188.7,168086,4
39,Weekend,TAEYEON,0.74,0.854,8,-2.209,1,0.0525,0.0783,0.856,114.029,233413,4
40,ASAP,STAYC,0.764,0.802,0,-4.217,1,0.0351,0.102,0.323,132.02,194080,4
41,DUMB DUMB,JEON SOMI,0.85,0.734,2,-6.415,1,0.0491,0.0221,0.406,103.027,149214,4
42,After School,Weeekly,0.634,0.928,1,-1.609,1,0.0514,0.00719,0.738,164.007,205373,4
43,Hello Future,NCT DREAM,0.545,0.803,1,-2.283,1,0.0526,0.0261,0.5,170.006,220920,4
44,STEREOTYPE,STAYC,0.605,0.805,6,-3.212,1,0.0641,0.313,0.738,148.298,191696,4
45,FEVER,ENHYPEN,0.6,0.713,6,-5.079,0,0.0592,0.0642,0.471,72.999,172107,4
46,0X1=LOVESONG (I Know I Love You) feat. Seori,TOMORROW X TOGETHER,0.584,0.836,0,-4.925,1,0.079,0.0558,0.484,104.973,202204,4
47,Ready to love,SEVENTEEN,0.668,0.705,9,-5.731,0,0.0356,0.0274,0.549,129.984,186760,4
48,Dont Call Me,SHINee,0.69,0.783,2,-2.076,1,0.0641,0.0127,0.306,82.026,220173,4
49,SCIENTIST,TWICE,0.786,0.858,11,-3.74,1,0.0675,0.0487,0.649,112.999,194600,4
50,Drunk-Dazed,ENHYPEN,0.599,0.869,5,-5.174,0,0.0618,0.000707,0.453,132.889,193260,4
51,LOCO,ITZY,0.759,0.886,1,-3.067,1,0.187,0.0103,0.489,102.065,191462,4
52,LALISA,LISA,0.804,0.652,8,-6.282,1,0.0898,0.0267,0.854,150.076,200690,4
53,Dont fight the feeling,EXO,0.707,0.838,9,-2.983,0,0.117,0.0585,0.832,128.007,176547,4
54,Gone,ROSÃ‰,0.647,0.377,6,-6.003,1,0.0375,0.594,0.653,79.936,207164,4
55,Rollin,Brave Girls,0.691,0.875,1,-3.887,1,0.101,0.0356,0.489,124.954,197711,4
56,O.O.O (Over&Over&Over),Girls Planet 999,0.643,0.963,7,-3.059,1,0.0965,0.00509,0.63,127.933,247360,4
57,LO$ER=LOâ™¡ER,TOMORROW X TOGETHER,0.644,0.867,11,-4.18,0,0.0383,0.001,0.687,124.997,199919,4
58,Thunderous,Stray Kids,0.601,0.786,1,-3.706,1,0.234,0.213,0.79,172.156,183267,4
59,Anti-Romantic,TOMORROW X TOGETHER,0.641,0.489,0,-8.668,0,0.11,0.0509,0.206,142.977,215188,4
60,Im Not Cool,HyunA,0.883,0.845,11,-2.069,1,0.0585,0.0161,0.656,116.004,174173,4
61,Life Is Still Going On,NCT DREAM,0.681,0.749,0,-3.436,0,0.0701,0.158,0.676,150.039,218587,4
62,Rock with you,SEVENTEEN,0.621,0.816,11,-5.242,1,0.104,0.0966,0.694,163.966,180360,4
63,strawberry moon,IU,0.475,0.712,6,-3.306,1,0.0431,0.138,0.443,169.796,205333,4
64,Fireworks (Im The One),ATEEZ,0.724,0.904,0,-3.815,1,0.0872,0.0419,0.728,130.036,209575,4
65,Bambi,BAEKHYUN,0.438,0.632,7,-4.447,0,0.0417,0.434,0.386,61.45,213053,4
66,Advice,TAEMIN,0.659,0.821,9,-2.215,0,0.0468,0.406,0.353,161.983,191640,4
67,U+Me=LOVE,7 LOVE Minutes,0.772,0.852,2,-4.041,0,0.0618,0.0474,0.359,119.957,190400,4
68,Sticker,NCT 127,0.527,0.769,2,-0.419,1,0.28,0.311,0.719,156.032,227773,4
69,Snake,Medusa,0.766,0.854,2,-4.129,0,0.0802,0.0567,0.764,109.982,209760,4
70,Dun Dun Dance,OH MY GIRL,0.647,0.957,1,-0.384,0,0.0819,0.169,0.764,114.968,220560,4
71,TAIL,SUNMI,0.515,0.858,9,-3.136,1,0.19,0.0435,0.428,125.07,190960,4
72,Favorite (Vampire),NCT 127,0.561,0.758,5,-3.87,0,0.0478,0.000830999999999999,0.178,149.944,215587,4
73,NAKKA (with IU),"AKMU, IU",0.816,0.636,10,-6.95,0,0.101,0.0732,0.499,100.923,212807,4
74,PING PONG,HyunA&DAWN,0.855,0.87,10,-2.059,0,0.0826,0.0122,0.863,103.028,158253,4
75,WOLFGANG,Stray Kids,0.524,0.848,2,-3.48,0,0.122,0.0535,0.135,161.672,190865,4
76,MORE & MORE,TWICE,0.739,0.841,5,-4.162,1,0.06,0.0312,0.562,106.99,199653,4
77,Dynamite,BTS,0.746,0.765,6,-4.41,0,0.0993,0.0112,0.737,114.044,199054,4
78,How You Like That,BLACKPINK,0.828,0.782,11,-4.014,1,0.0918,0.0694,0.351,130.013,181264,4
79,WANNABE,ITZY,0.809,0.911,6,-4.41,0,0.0617,0.00795,0.64,122.035,191242,4
80,Any song,ZICO,0.874,0.787,10,-2.416,0,0.129,0.118,0.896,108.007,227227,4
81,DUN DUN,EVERGLOW,0.692,0.881,11,-2.563,0,0.0461,0.0457,0.433,103.055,192280,4
82,ON,BTS,0.583,0.817,9,-5.146,0,0.0987,0.118,0.438,105.936,246381,4
83,Not Shy,ITZY,0.776,0.911,2,-3.08,0,0.131,0.155,0.56,101.027,177728,4
84,Lovesick Girls,BLACKPINK,0.654,0.707,6,-5.661,1,0.0664,0.00559,0.448,127.97,194765,4
85,FIESTA,IZ*ONE,0.758,0.927,7,-2.105,1,0.0537,0.062,0.738,122.999,217760,4
86,Left & Right,SEVENTEEN,0.725,0.823,6,-3.868,0,0.115,0.132,0.958,149.994,201773,4
87,I CAN'T STOP ME,TWICE,0.657,0.88,10,-3.672,0,0.102,0.121,0.769,150.084,205493,4
88,Ice Cream (with Selena Gomez),"BLACKPINK, Selena Gomez",0.791,0.733,9,-3.852,1,0.35,0.0305,0.913,159.974,175813,4
89,Black Swan,BTS,0.719,0.758,2,-5.167,0,0.0851,0.137,0.49,147.023,198261,4
90,Life Goes On,BTS,0.566,0.716,1,-5.733,1,0.0424,0.00691,0.45,81.068,207481,4
91,eight(Prod.&Feat. SUGA of BTS),"IU, SUGA",0.676,0.869,1,-1.573,1,0.0423,0.115,0.594,120.029,167573,4
92,Daechwita,Agust D,0.65,0.827,8,-4.014,1,0.0599,0.0229,0.223,144.995,225668,4
93,Oh my god,(G)I-DLE,0.794,0.762,4,-3.525,0,0.0392,0.0358,0.482,109.97,195867,4
94,MORE & MORE,TWICE,0.739,0.841,5,-4.162,1,0.06,0.0312,0.562,106.99,199653,4
95,Secret Story of the Swan - Japanese Version,IZ*ONE,0.69,0.934,7,-0.975,0,0.0775,0.108,0.711,102.985,192320,4
96,Make A Wish (Birthday Song),NCT U,0.732,0.795,8,-2.263,1,0.1,0.0632,0.693,100.954,229400,4
97,Monster,Red Velvet - IRENE & SEULGI,0.631,0.748,4,-2.569,0,0.0488,0.212,0.351,115.665,178413,4
98,Godâ€™s Menu,Stray Kids,0.689,0.771,5,-3.618,1,0.0548,0.00776,0.482,157.052,167922,4
99,Kick It,NCT 127,0.681,0.847,7,-2.462,1,0.0869,0.0306,0.507,167.031,233013,4
100,Candy,BAEKHYUN,0.649,0.767,11,-3.838,0,0.0455,0.24,0.608,149.918,227173,4
101,Black Mamba,aespa,0.52,0.915,2,-2.862,1,0.103,0.0618,0.5,90.069,174933,4
102,Feel Special,TWICE,0.708,0.959,1,-1.338,1,0.0604,0.0296,0.644,128.981,206867,4
103,FANCY,TWICE,0.697,0.874,5,-2.15,0,0.0449,0.0122,0.775,132.018,213880,4
104,Dolphin,OH MY GIRL,0.858,0.68,4,-4.531,1,0.0795,0.171,0.621,113.993,176773,4
105,Bet You Wanna,"BLACKPINK, Cardi B",0.541,0.688,7,-5.184,1,0.198,0.00479,0.649,109.843,159168,4
106,pporappippam ë³´ë¼ë¹› ë°¤,SUNMI,0.714,0.828,1,-4.68,0,0.0428,0.0513,0.318,120.014,206617,4
107,èˆžã„è½ã¡ã‚‹èŠ±ã²ã‚™ã‚‰(Fallin' Flower),SEVENTEEN,0.641,0.85,9,-4.76,0,0.229,0.348,0.674,141.877,212333,4
108,Ridin',NCT DREAM,0.549,0.903,1,-1.483,0,0.045,0.178,0.513,150.009,201773,4
109,Maria,Hwa Sa,0.658,0.749,9,-2.967,0,0.0634,0.238,0.442,128.909,199027,4
110,Stay Tonight,CHUNG HA,0.625,0.831,2,-2.186,0,0.056,0.203,0.491,121.025,217239,4
111,HOME;RUN,SEVENTEEN,0.687,0.942,2,-2.817,1,0.0741,0.0613,0.765,96.106,184427,4
112,THE BADDEST,"K/DA, (G)I-DLE, Wolftyla, Bea Miller, League of Legends",0.676,0.857,10,-4.368,0,0.0438,0.0215,0.717,149.981,162600,4
113,Answer,ATEEZ,0.565,0.903,7,-1.918,1,0.0499,0.0746,0.54,97.968,219760,4
114,Nonstop,OH MY GIRL,0.753,0.91,0,-2.591,1,0.0517,0.171,0.825,123.983,202760,4
115,LA DI DA,EVERGLOW,0.477,0.85,3,-1.486,0,0.0911,0.00108,0.601,163.845,210893,4
116,Panorama,IZ*ONE,0.726,0.963,9,-1.111,0,0.0916,0.0429,0.769,126.062,222853,4
117,415,Yerin Baek,0.831,0.6,0,-8.71,1,0.0602,0.134,0.378,119.984,264307,4
118,NOT BY THE MOON,GOT7,0.549,0.813,5,-4.828,0,0.148,0.0556,0.544,151.813,204702,4
119,IDEA (ç†æƒ³),TAEMIN,0.48,0.813,10,-5.437,0,0.0575,0.00456,0.7,120.888,193547,4
120,One (Monster & Infinity),SuperM,0.51,0.894,0,-2.649,1,0.149,0.0259,0.382,160.061,221040,4
121,Apple,GFRIEND,0.641,0.932,9,-4.877,1,0.156,0.0156,0.253,119.965,207252,4
122,Bon voyage,YooA,0.703,0.889,2,-3.537,1,0.0509,0.307,0.273,119.793,219587,4
123,BOY,TREASURE,0.757,0.791,6,-5.731,0,0.0476,0.0526,0.67,110.062,196667,4
124,Obliviate,Lovelyz,0.68,0.904,10,-2.056,0,0.117,0.287,0.602,117.995,202107,4
125,YESSIR,3YE,0.681,0.975,4,-1.438,0,0.0646,0.0626,0.726,94.998,198493,4
126,Kill This Love,BLACKPINK,0.738,0.861,2,-4.141,1,0.237,0.318,0.58,131.98,189052,4
127,Boy With Luv (feat. Halsey),"BTS, Halsey",0.645,0.862,11,-4.757,0,0.0965,0.0923,0.798,119.991,229773,4
128,Feel Special,TWICE,0.708,0.959,1,-1.338,1,0.0604,0.0296,0.644,128.981,206867,4
129,ë‹¬ë¼ë‹¬ë¼ (DALLA DALLA),ITZY,0.79,0.853,11,-4.564,0,0.0665,0.00116,0.713,124.998,199874,4
130,Highway to Heaven,NCT 127,0.642,0.729,6,-5.005,1,0.056,0.0297,0.536,112.966,200573,4
131,Gotta Go,CHUNG HA,0.531,0.83,3,-2.526,0,0.0446,0.0741,0.419,101.903,221813,4
132,Obsession,EXO,0.704,0.729,7,-3.851,1,0.0624,0.0024,0.71,129.992,203520,4
133,Bon Bon Chocolat,EVERGLOW,0.72,0.828,6,-5.559,1,0.0612,0.0343,0.633,139.928,228682,4
134,LION,(G)I-DLE,0.741,0.715,4,-5.206,0,0.034,0.0318,0.187,109.989,210973,4
135,HIT,SEVENTEEN,0.619,0.908,9,-3.97,0,0.2,0.0865,0.671,130.056,203507,4
136,Blueming,IU,0.819,0.674,0,-3.145,1,0.0587,0.0849,0.682,106.032,217053,4
137,ã‚ã‚‹æ—¥ã€é ­ã‹ã‚‰ãƒ„ãƒŽãŒç”ŸãˆãŸ (CROWN) - Japanese Ver.,TOMORROW X TOGETHER,0.632,0.805,5,-5.605,1,0.0429,0.071,0.576,110.965,230707,4
138,WHO DO U LOVE?,"Monsta X, French Montana",0.782,0.637,10,-5.63,0,0.264,0.28,0.389,101.989,189035,4
139,Zimzalabim,Red Velvet,0.68,0.878,5,-4.791,0,0.179,0.0028,0.531,127.991,190860,4
140,HIP,MAMAMOO,0.782,0.731,3,-4.581,0,0.143,0.0376,0.824,138.032,195307,4
141,Say My Name,ATEEZ,0.634,0.9,6,-2.614,0,0.0583,0.212,0.623,152.968,222024,4
142,MIROH,Stray Kids,0.563,0.979,9,-3.104,1,0.104,0.00911,0.503,126.063,207617,4
143,Butterfly,LOONA,0.582,0.866,7,-4.139,0,0.0414,0.0427,0.351,107.021,237756,4
144,Make It Right,BTS,0.638,0.703,7,-7.874,1,0.444,0.0104,0.261,105.766,226321,4
145,You Calling My Name,GOT7,0.813,0.667,0,-4.061,0,0.0616,0.0917,0.514,111.02,194708,4
146,LALALAY ë‚ ë¼ë¦¬,SUNMI,0.699,0.806,11,-4.818,0,0.0494,0.00133,0.615,110.014,174880,4
147,PIRI,Dreamcatcher,0.507,0.869,2,-2.245,0,0.0594,0.18,0.507,170.043,206819,4
148,Violeta - Japanese Ver.,IZ*ONE,0.727,0.885,7,-2.696,1,0.0467,0.00165,0.683,114.993,202949,4
149,BIRTHDAY,SOMI,0.687,0.844,7,-4.242,1,0.109,0.0163,0.596,180.055,185796,4
150,%%(Eung Eung),Apink,0.647,0.855,5,-2.944,0,0.037,0.294,0.683,144.867,208105,4
151,Blue,TAEYEON,0.449,0.46,2,-7.081,1,0.0404,0.881,0.137,99.468,212842,4
152,TWIT,Hwa Sa,0.679,0.813,5,-3.367,0,0.199,0.122,0.584,136.067,190786,4
153,BOOM,NCT DREAM,0.914,0.516,5,-4.178,0,0.0918,0.131,0.702,119.969,195080,4
154,Valkyrie,ONEUS,0.731,0.817,9,-3.906,0,0.121,0.0254,0.657,127.952,207586,4
155,Don't Know What To Do,BLACKPINK,0.628,0.64,6,-4.164,0,0.0491,0.0992,0.409,129.815,201081,4
156,FANCY,TWICE,0.697,0.874,5,-2.15,0,0.0449,0.0122,0.775,132.018,213880,4
157,Home,SEVENTEEN,0.741,0.547,9,-5.029,1,0.253,0.427,0.615,87.977,203732,4
158,Jopping,SuperM,0.74,0.835,10,-3.425,0,0.0839,0.0139,0.535,123.024,251293,4
159,Chicken Noodle Soup (feat. Becky G),"j-hope, Becky G",0.826,0.817,2,-4.081,1,0.0921,0.00502,0.168,97.053,235497,4
160,No,CLC,0.76,0.722,6,-4.429,0,0.0908,0.00785,0.687,120.055,181976,4
161,All Night,ASTRO,0.57,0.784,11,-4.607,0,0.186,0.241,0.594,150.062,223747,4
162,Donâ€™t Need Your Love,"NCT DREAM, HRVY",0.619,0.881,7,-4.683,1,0.0834,0.0632,0.769,160.145,201880,3
163,UN Village,BAEKHYUN,0.674,0.589,6,-3.806,0,0.112,0.267,0.577,83.985,235509,4
164,NO ONE,"LeeHi, B.I",0.745,0.613,11,-5.368,0,0.0427,0.226,0.542,91.996,194596,4
165,Dumb Litty,KARD,0.76,0.887,9,-1.993,1,0.0409,0.037,0.24,130.018,193160,4
166,Humph!,PENTAGON,0.791,0.674,2,-4.025,1,0.0516,0.168,0.963,132.985,192613,4
167,ICY,ITZY,0.801,0.904,2,-2.819,1,0.0834,0.0324,0.814,124.979,191142,4
168,"How can I love the heartbreak, you're the one I love",AKMU,0.52,0.248,5,-8.675,1,0.0355,0.91,0.228,129.214,290096,4
169,Workaholic,BOL4,0.728,0.761,11,-3.008,0,0.0542,0.353,0.658,108.027,191080,4
170,I'M OK,iKON,0.676,0.597,0,-4.833,1,0.0346,0.335,0.433,89.882,216647,4
171,Come See Me,AOA,0.601,0.871,7,-1.469,1,0.0619,0.0374,0.66,127.978,202680,4
172,AH YEAH,WINNER,0.798,0.721,7,-5.052,1,0.0389,0.356,0.876,128.012,176906,4
173,FLASH,X1,0.672,0.908,7,-2.903,0,0.0596,0.031,0.584,132.045,211320,4
174,Iâ€™m So Hot,MOMOLAND,0.75,0.883,6,-1.712,0,0.0432,0.226,0.85,127.069,200243,4
175,BREATHE,AB6IX,0.818,0.849,9,-4.399,0,0.206,0.0641,0.605,124.954,217824,4
176,FAKE LOVE,BTS,0.557,0.719,2,-4.515,0,0.0372,0.00267,0.344,77.501,242334,4
177,DDU-DU DDU-DU,BLACKPINK,0.671,0.859,4,-3.922,0,0.0833,0.0313,0.39,139.931,209355,4
178,Regular - English Version,NCT 127,0.741,0.747,9,-5.459,0,0.0956,0.263,0.831,134.039,219107,4
179,Bad Boy,Red Velvet,0.714,0.736,2,-3.801,1,0.0457,0.191,0.814,149.985,210818,4
180,LOVE SCENARIO,iKON,0.806,0.707,7,-4.623,1,0.0307,0.331,0.746,118.009,209648,4
181,La Vie en Rose - Japanese Ver.,IZ*ONE,0.605,0.927,2,-2.085,0,0.0711,0.0784,0.694,115.932,221543,4
182,BOOMERANG,Wanna One,0.729,0.913,1,-2.749,1,0.0781,0.0292,0.73,99.966,183475,4
183,Tempo,EXO,0.686,0.842,0,-4.423,1,0.1,0.237,0.519,115.944,224483,4
184,EVERYDAY,WINNER,0.857,0.6,7,-4.712,1,0.0705,0.289,0.711,120.023,206351,4
185,HANN (Alone),(G)I-DLE,0.709,0.718,6,-3.315,0,0.0312,0.059,0.24,104.971,205820,4
186,Shoot Out,Monsta X,0.613,0.868,6,-2.792,0,0.143,0.0599,0.394,165.133,207173,4
187,District 9,Stray Kids,0.646,0.954,9,-1.899,1,0.18,0.017,0.512,90.017,213587,4
188,favOriTe,LOONA,0.59,0.941,4,-1.497,0,0.0555,0.00841,0.581,98.986,194254,4
189,Roller Coaster,CHUNG HA,0.633,0.907,6,-1.459,0,0.048,0.317,0.74,130.001,212136,4
190,SOLO,JENNIE,0.752,0.642,3,-5.165,0,0.0869,0.0861,0.388,95.043,169567,4
191,Dejavu,NU'EST W,0.638,0.656,8,-5.074,0,0.188,0.249,0.53,107.867,199891,4
192,Jenga (feat. Gaeko),"HEIZE, Gaeko",0.711,0.73,1,-4.979,0,0.0436,0.269,0.604,93.015,210158,4
193,LOVE BOMB,fromis_9,0.625,0.931,6,-1.885,0,0.151,0.138,0.863,154.061,199965,4
194,Baby Donâ€™t Stop,"NCT, NCT U",0.827,0.739,8,-6.391,1,0.0744,0.0214,0.352,95.999,183020,4
195,seoul (prod. HONNE),RM,0.587,0.664,0,-8.63,1,0.0645,0.344,0.453,99.8,275955,4
196,POP/STARS,"K/DA, Madison Beer, (G)I-DLE, Jaira Burns, League of Legends",0.566,0.769,7,-4.342,1,0.0872,0.0183,0.385,170.036,191100,4
197,FLOWER ROAD,BIGBANG,0.71,0.654,1,-4.765,0,0.0858,0.124,0.624,94.862,228632,4
198,ë°ë¦¬ëŸ¬ ê°€ Good Evening,SHINee,0.678,0.809,8,-4.162,1,0.0598,0.0383,0.561,119.979,223515,4
199,I Love You,EXID,0.695,0.832,9,-3.455,0,0.0288,0.000371,0.249,111.997,194699,4
200,Look,GOT7,0.643,0.913,5,-1.724,0,0.157,0.113,0.734,119.938,194535,4
201,Not That Type,gugudan,0.729,0.922,7,-2.133,1,0.122,0.0888,0.745,110.044,191994,4
202,FIANCÃ‰,MINO,0.664,0.737,5,-3.911,1,0.0304,0.026,0.505,139.904,207987,4
203,Way Back Home,SHAUN,0.745,0.739,10,-4.591,1,0.0327,0.405,0.556,99.913,214137,4
204,What is Love,TWICE,0.574,0.909,8,-1.573,1,0.0658,0.0987,0.569,169.966,208240,4
205,YOU AND I,Dreamcatcher,0.637,0.827,11,-2.669,0,0.0718,0.0794,0.518,96.997,195016,4
206,Turn It On ë¶ˆì„ ì¼œ,LABOUM,0.714,0.82,9,-3.73,1,0.0894,0.193,0.683,93.019,210683,4
207,dayfly,"DEAN, SULLI, Rad Museum",0.726,0.492,10,-8.046,0,0.0794,0.566,0.526,85.939,207113,4
208,Hello Tutorial,"Zion.T, ìŠ¬ê¸° (SEULGI)",0.739,0.348,0,-7.477,1,0.0613,0.675,0.498,98.047,202343,4
209,Something New,TAEYEON,0.679,0.88,6,-2.344,0,0.239,0.15,0.789,98.022,200440,4
210,Pirate King,ATEEZ,0.507,0.946,3,-3.845,0,0.124,0.0427,0.494,173.004,195990,4
211,NEVERLAND,Holland,0.759,0.539,4,-7.573,1,0.301,0.0315,0.35,83.996,222929,4
212,Lo Siento,"SUPER JUNIOR, Leslie Grace, Play-N-Skillz",0.746,0.738,9,-3.67,1,0.207,0.0705,0.63,94.808,226184,4
213,Bar Code (Prod. GroovyRoom),"HAON, VINXEN",0.805,0.764,9,-5.275,1,0.219,0.263,0.298,105.016,222898,4
214,SEE SEA,Hyolyn,0.649,0.817,10,-2.974,0,0.0345,0.0753,0.601,118.023,200125,4
215,The Hardest Part,Roy Kim,0.4,0.274,5,-7.832,1,0.037,0.905,0.269,136.804,258323,4
216,"ONE SHOT, TWO SHOT",BoA,0.804,0.679,7,-5.82,0,0.067,0.24,0.483,119.948,210880,4
217,Tale ë™í™”,MeloMance,0.682,0.43,8,-5.287,1,0.0331,0.762,0.526,99.97,227054,4
218,Mattress,10cm,0.735,0.49,0,-5.659,1,0.151,0.713,0.546,93.359,170755,4
219,I PROMISE YOU (I.P.U.) - Special Theme Track,Wanna One,0.651,0.831,8,-3.684,1,0.0437,0.104,0.743,130.046,220529,4
220,End of The Night,Punch,0.537,0.589,6,-5.954,0,0.0535,0.516,0.252,82.545,201566,4
221,Glass ìœ ë¦¬,MeloMance,0.388,0.25,5,-8.132,1,0.0317,0.959,0.221,123.353,255027,4
222,Spring Breeze,Wanna One,0.633,0.792,3,-3.202,1,0.0296,0.0908,0.368,107.963,235869,4
223,Sound of Winter,Park Hyo Shin,0.275,0.248,1,-10.831,1,0.0309,0.762,0.117,140.947,411713,3
224,There has never been a day I haven't loved you,Lim Changjung,0.548,0.678,5,-3.371,1,0.049,0.484,0.291,143.841,243059,4
225,Hi High,LOONA,0.669,0.919,7,-2.262,0,0.0711,0.0357,0.538,96.955,196864,4
226,Forever Young,BLACKPINK,0.592,0.961,4,-1.807,1,0.096,0.0423,0.508,109.826,237077,4
227,IDOL,"BTS, Nicki Minaj",0.709,0.857,9,-3.394,1,0.0881,0.00219,0.446,126.038,260234,4
228,Euphoria,BTS,0.637,0.799,2,-4.519,1,0.0338,0.394,0.562,104.995,228615,4
229,Power Up,Red Velvet,0.732,0.934,8,-4.618,1,0.144,0.0774,0.898,159.998,202040,4
230,HELP ME,NU'EST W,0.441,0.774,3,-5.202,0,0.0423,0.00699,0.359,152.01,210391,4
231,Magic Shop,BTS,0.541,0.661,1,-5.838,1,0.0889,0.103,0.285,149.926,275696,4
232,Dance The Night Away,TWICE,0.709,0.861,0,-2.905,1,0.0941,0.106,0.779,118.089,180800,4
233,KILLING ME,iKON,0.762,0.672,9,-5.277,0,0.073,0.463,0.507,128.001,193734,4
234,Anpanman,BTS,0.813,0.875,1,-2.92,0,0.0918,0.0237,0.756,99.004,232966,4
235,Daydream (ë°±ì¼ëª½),j-hope,0.748,0.961,8,-6.518,0,0.0875,0.00512,0.856,116.037,228759,4
236,BOSS,"NCT, NCT U",0.787,0.543,10,-6.7,0,0.037,0.0233,0.332,99.026,210641,4
237,Rumor,H.I.N.P (Hot Issue of Ntl. Producers),0.744,0.858,9,-3.015,0,0.0922,0.134,0.61,101.929,197077,4
238,PICK ME,PRODUCE 48,0.648,0.863,6,-3.913,1,0.0486,0.0221,0.606,128.038,279423,4
239,Lady,EXID,0.705,0.952,1,-2.896,0,0.0489,0.0337,0.633,107.001,190502,4
240,Lilâ€™ Touch,Girls' Generation-Oh!GG,0.791,0.789,11,-4.694,0,0.104,0.0114,0.669,112.11,189846,4
241,YES or YES,TWICE,0.702,0.913,11,-2.977,1,0.0374,0.0514,0.735,137.981,237680,4
242,We Go Up,NCT DREAM,0.893,0.77,8,-4.692,1,0.107,0.0138,0.349,122.067,183293,4
243,SoulMate (feat. IU),"ZICO, IU",0.855,0.58,5,-6.951,1,0.141,0.234,0.518,96.998,219391,4
244,ë¹›ì´ ë‚˜ Shinin',JONGHYUN,0.741,0.853,0,-2.873,1,0.129,0.453,0.731,115.085,172372,4
245,Love U,CHUNG HA,0.774,0.92,8,-0.513,0,0.0694,0.333,0.685,120.039,190921,4
246,Wow Thing,"SEULGI, CHUNG HA, SinB, JEON SOYEON",0.703,0.894,5,-3.52,0,0.281,0.115,0.737,104.043,171998,4
247,Light,Wanna One,0.682,0.93,1,-2.52,0,0.119,0.214,0.727,139.93,209510,4
248,My Pace,Stray Kids,0.682,0.831,11,-4.234,0,0.253,0.0569,0.785,155.12,189325,4
249,Shoot Me,DAY6,0.583,0.916,1,-1.396,1,0.149,0.0683,0.732,167.933,175837,4
250,Woman,BoA,0.82,0.575,5,-4.385,0,0.0832,0.0725,0.788,107.024,170368,4
251,Only Then,Roy Kim,0.42,0.314,6,-7.368,1,0.0324,0.798,0.192,128.412,248836,4
252,SObeR,Suzy,0.962,0.788,1,-5.662,1,0.141,0.0529,0.825,119.974,186707,4
253,DNA,BTS,0.598,0.775,1,-4.035,0,0.0545,0.022,0.687,129.819,223123,4
254,Ko Ko Bop,EXO,0.749,0.85,0,-4.346,1,0.0468,0.0319,0.672,145.983,190423,4
255,Energetic,Wanna One,0.714,0.886,0,-3.076,1,0.0461,0.058,0.752,125.046,189356,4
256,As If It's Your Last,BLACKPINK,0.786,0.852,8,-2.687,1,0.0813,0.0687,0.455,125.036,213264,4
257,Red Flavor,Red Velvet,0.709,0.917,9,-3.315,1,0.189,0.0409,0.515,125.042,191139,4
258,Likey,TWICE,0.723,0.903,4,-1.262,0,0.033,0.413,0.443,132.006,207813,4
259,"ë¬´ì œ(ç„¡é¡Œ) (Untitled, 2014)",G-DRAGON,0.583,0.461,4,-5.153,1,0.0321,0.785,0.263,79.826,222868,4
260,NEVER,Sons of People,0.693,0.844,0,-2.257,0,0.0578,0.617,0.717,110.012,196853,3
261,Artist,ZICO,0.875,0.855,11,-4.561,1,0.242,0.138,0.874,117.998,192827,4
262,DINOSAUR,AKMU,0.767,0.755,11,-3.938,0,0.03,0.303,0.631,120.978,240572,4
263,Complex,"Zion.T, DJ Dopsh, G-DRAGON",0.82,0.458,0,-10.207,1,0.369,0.576,0.546,95.015,207493,4
264,Dark Clouds,"HEIZE, nafla",0.893,0.714,1,-5.428,1,0.0444,0.0693,0.832,104.975,167944,4
265,Why Donâ€™t You Know,"CHUNG HA, Nucksal",0.703,0.923,9,-0.962,0,0.148,0.32,0.623,100.038,198420,4
266,Fine,TAEYEON,0.36,0.565,7,-4.898,1,0.0608,0.358,0.311,173.281,209157,4
267,REALLY REALLY,WINNER,0.765,0.77,2,-3.16,1,0.0592,0.167,0.581,103.005,203057,4
268,We Are,"Woo, Loco, GRAY",0.756,0.808,7,-3.272,1,0.0752,0.147,0.685,100.018,196020,4
269,DDD,EXID,0.718,0.794,11,-2.877,0,0.0703,0.0806,0.751,114.285,205821,4
270,Yes I Am,MAMAMOO,0.737,0.894,0,-2.779,1,0.254,0.14,0.648,120.115,211660,4
271,Phonecert,10cm,0.858,0.481,9,-3.649,1,0.104,0.391,0.773,107.96,197504,4
272,Come Over,"DEAN, Yerin Baek",0.496,0.63,6,-7.849,0,0.186,0.0747,0.318,168.225,266137,4
273,HOME IS FAR AWAY,"Epik High, OHHYUK",0.78,0.858,7,-6.331,0,0.128,0.357,0.5,93.984,291002,4
274,I LUV IT,PSY,0.874,0.764,5,-3.397,0,0.0488,0.029,0.887,124.954,188976,4
275,Beautiful,Wanna One,0.507,0.855,0,-3.62,1,0.15,0.415,0.391,159.808,196799,4
276,Don't Know You,HEIZE,0.699,0.562,4,-5.573,0,0.253,0.213,0.471,104.995,189410,4
277,Knock Knock,TWICE,0.672,0.968,1,-2.636,0,0.131,0.0243,0.473,129.971,195747,4
278,Open Up,Knock,0.563,0.815,5,-3.096,1,0.0391,0.0522,0.602,145.923,210547,4
279,Last Goodbye,AKMU,0.665,0.537,0,-4.65,1,0.0267,0.146,0.271,116.995,283800,4
280,LOVE ME LOVE ME,WINNER,0.754,0.816,9,-4.46,0,0.0694,0.0851,0.746,105.993,217309,4
281,LOVE STORY,"Epik High, IU",0.729,0.864,6,-4.957,1,0.104,0.561,0.761,92.982,236269,4
282,Burn It Up,Wanna One,0.642,0.849,11,-3.266,0,0.0563,0.0461,0.601,127.923,214942,4
283,New Face,PSY,0.836,0.728,0,-3.449,0,0.0563,0.0079,0.444,131.969,190234,4
284,It's Me (Pick Me),PRODUCE 101,0.505,0.963,7,-1.316,1,0.0573,0.0261,0.627,128.059,247311,4
285,Rookie,Red Velvet,0.683,0.938,8,-3.723,0,0.288,0.0888,0.868,164.1,197638,4
286,The Song,Zion.T,0.815,0.613,7,-5.009,1,0.0323,0.716,0.46,94.979,216627,4
287,WAKE ME UP,TAEYANG,0.577,0.513,10,-5.996,1,0.0292,0.0298,0.195,78.014,199458,4
288,"You, Clouds, Rain","HEIZE, Shin Yong Jae",0.509,0.502,1,-6.972,0,0.0915,0.765,0.341,79.16,205312,4
289,I Will Go To You Like the First Snow,AILEE,0.497,0.431,5,-4.755,0,0.0287,0.66,0.167,133.675,229678,4
290,Peek-A-Boo,Red Velvet,0.839,0.902,1,-3.612,0,0.0536,0.0868,0.639,114.953,189050,4
291,Never Ever,GOT7,0.794,0.835,5,-2.043,0,0.0961,0.266,0.771,101.039,194408,4
292,ç„¡é™çš„æˆ‘ ë¬´í•œì ì•„; LIMITLESS,NCT 127,0.614,0.747,5,-5.655,0,0.0743,0.00934,0.538,78.216,247467,4
293,Holiday,Girls' Generation,0.709,0.867,1,-3.258,1,0.0672,0.0406,0.877,120.022,199563,4
294,Goodbye,2NE1,0.644,0.488,1,-4.042,1,0.0331,0.329,0.489,151.544,231445,4
295,Power,EXO,0.657,0.943,7,-3.031,1,0.0856,0.0315,0.76,127.958,222406,4
296,Shangri-La,VIXX,0.39,0.733,6,-3.513,0,0.174,0.155,0.511,77.59,202268,4
297,BLING BLING,iKON,0.781,0.94,2,-3.779,1,0.0669,0.069,0.537,125.009,219225,4
298,MOVE,TAEMIN,0.697,0.713,8,-5.273,0,0.115,0.0153,0.667,99.964,211949,4
299,YESTERDAY,Block B,0.63,0.868,8,-3.472,0,0.157,0.0813,0.854,141.905,168919,4
300,We Young,NCT DREAM,0.712,0.857,0,-4.194,1,0.0414,0.0579,0.338,123.041,224467,4
301,ë°˜ë“œì‹œ ì›ƒëŠ”ë‹¤ I Smile,DAY6,0.48,0.858,4,-3.091,1,0.0336,0.00513,0.25,123.928,227159,4
302,Yes No Maybe,Suzy,0.633,0.781,1,-4.047,1,0.121,0.241,0.497,164.817,186987,4
303,TT,TWICE,0.708,0.852,2,-4.398,1,0.0851,0.0525,0.396,129.946,212987,4
304,Monster,EXO,0.618,0.76,6,-4.312,1,0.0596,0.0066,0.541,150,221341,4
305,FXXK IT,BIGBANG,0.716,0.763,0,-3.001,0,0.0945,0.147,0.575,90.101,231748,4
306,Burning Up (Fire),BTS,0.627,0.706,10,-3.201,0,0.0597,0.00227,0.536,99.93,203352,4
307,PICK ME,PRODUCE 101,0.685,0.935,9,-2.056,1,0.125,0.029,0.622,128.024,226875,4
308,Why So Lonely,Wonder Girls,0.634,0.726,7,-5.086,1,0.133,0.111,0.809,155.161,206707,4
309,WHISTLE,BLACKPINK,0.818,0.723,11,-4.82,1,0.114,0.00561,0.607,102.945,211632,4
310,ëŸ¬ì‹œì•ˆ ë£°ë › Russian Roulette,Red Velvet,0.726,0.903,7,-2.277,0,0.0357,0.055,0.958,129.986,211244,4
311,Tell Me What To Do,SHINee,0.602,0.926,7,-1.78,1,0.177,0.102,0.288,125.107,246787,4
312,Just Like a Dream,BEN,0.355,0.577,4,-5.796,1,0.0433,0.699,0.238,135.536,226715,4
313,Rain,TAEYEON,0.567,0.687,8,-3.269,1,0.0329,0.538,0.406,76.024,222047,4
314,No matter where,M.C the Max,0.463,0.45,6,-6.104,1,0.0301,0.568,0.331,131.69,331155,4
315,BREATHE,LeeHi,0.616,0.251,8,-8.454,1,0.038,0.803,0.356,123.802,288915,4
316,Bye bye my blue,Yerin Baek,0.511,0.539,3,-6.726,1,0.114,0.613,0.297,87.702,203410,4
317,Galaxy ìš°ì£¼ë¥¼ ì¤„ê²Œ,BOL4,0.483,0.814,0,-2.407,1,0.143,0.683,0.696,82.814,213853,4
318,Toy,Block B,0.639,0.618,7,-5.397,1,0.0969,0.0441,0.392,90.07,206468,4
319,ALWAYS,Yoon Mirae,0.419,0.605,10,-3.452,1,0.0333,0.778,0.284,128.629,205193,4
320,Don't Come Back,"HEIZE, Yong Jun Hyung",0.486,0.524,7,-5.832,1,0.0631,0.548,0.265,92.11,217040,4
321,"I Am You, You Are Me",ZICO,0.768,0.618,9,-6.928,0,0.0529,0.317,0.7,96.975,213252,4
322,D (Half Moon),"DEAN, Gaeko",0.512,0.765,7,-5.252,1,0.136,0.246,0.519,169.709,229360,4
323,Day Day (Prod. By GRAY),"BewhY, Jay Park",0.824,0.883,10,-2.37,0,0.072,0.0718,0.871,117.987,209020,4
324,Donâ€™t Forget,"Crush, TAEYEON",0.661,0.629,5,-5.81,1,0.0327,0.438,0.258,93.948,219107,4
325,Youâ€™re the Best,MAMAMOO,0.683,0.86,5,-3.243,0,0.0471,0.0395,0.703,122.03,230915,4
326,RE-BYE,AKMU,0.799,0.608,2,-5.474,0,0.068,0.476,0.924,127.995,188717,4
327,Very Very Very,I.O.I,0.744,0.963,7,-1.525,1,0.0616,0.136,0.788,102.985,203640,4
328,ì˜ì˜ so-so,Baek A Yeon,0.702,0.491,6,-4.441,1,0.0396,0.81,0.301,67.217,212642,4
329,ë´„ì´ ì¢‹ëƒ?? What The Spring??,10cm,0.866,0.37,1,-5.739,1,0.0327,0.597,0.841,94.018,205752,4
330,A Little Girl,OHHYUK,0.413,0.241,3,-9.682,1,0.0356,0.417,0.153,129.786,226275,4
331,You Are My Everything,Gummy,0.335,0.498,6,-5.121,1,0.0381,0.658,0.104,135.057,240590,4
332,ë´„ì¸ê°€ ë´ Spring Love,"WENDY, Eric Nam",0.68,0.391,11,-6.906,1,0.0357,0.723,0.419,82.861,198750,4
333,View,SHINee,0.728,0.801,6,-4.428,0,0.0439,0.04,0.656,123.953,190821,4
334,BANG BANG BANG,BIGBANG,0.69,0.843,1,-2.949,1,0.0534,0.0167,0.428,135.01,220178,4
335,LOVE ME RIGHT,EXO,0.625,0.83,0,-2.33,1,0.0764,0.00266,0.757,110.04,205129,4
336,Dope,BTS,0.579,0.896,10,-2.781,0,0.224,0.0272,0.678,153.991,240021,4
337,I,"TAEYEON, Verbal Jint",0.506,0.788,9,-2.372,1,0.0324,0.0666,0.233,89.993,206039,4
338,I Feel You,Wonder Girls,0.491,0.897,10,-3.912,1,0.0544,0.0256,0.533,118.771,205373,4
339,ë‹¤ë¥¸ ë‚¨ìž ë§ê³  ë„ˆ Only You,miss A,0.638,0.767,0,-3.155,1,0.132,0.0527,0.406,168.076,198009,4
340,MY TYPE,iKON,0.789,0.55,1,-5.595,1,0.0392,0.202,0.698,93.984,210903,4
341,4 Walls,f(x),0.735,0.849,4,-4.308,0,0.129,0.212,0.223,125.972,207477,4
342,I Need U,BTS,0.486,0.88,5,-3.097,0,0.0706,0.0215,0.71,158.043,210987,4
343,Ice Cream Cake,Red Velvet,0.58,0.935,9,-3.348,1,0.189,0.0318,0.603,172.023,191440,4
344,ì–´ë¨¸ë‹˜ì´ ëˆ„êµ¬ë‹ˆ (Who's your mama?) (Feat. Jessi),J.Y. Park,0.692,0.83,1,-3.813,1,0.177,0.0262,0.53,115.006,221123,4
345,CALL ME BABY,EXO,0.692,0.886,1,-2.519,1,0.0519,0.284,0.879,100.03,211013,4
346,Devil,SUPER JUNIOR,0.773,0.865,4,-3.027,0,0.114,0.133,0.968,145.003,216585,4
347,Oasis,"Crush, ZICO",0.46,0.81,4,-4.158,0,0.254,0.222,0.836,96.207,191279,4
348,Boys And Girls,"ZICO, Babylon",0.815,0.75,1,-3.029,1,0.058,0.04,0.611,103.034,200170,4
349,CELEPRETTY,Park Boram,0.693,0.955,11,-1.476,1,0.0474,0.445,0.956,138.974,190776,4
350,Who Are You,"BoA, Gaeko",0.738,0.902,2,-2.362,1,0.0559,0.193,0.826,105.003,223721,4
351,Garosugil At Dawn,"Baek Ji Young, Song Yu Vin",0.42,0.442,9,-4.883,1,0.03,0.785,0.309,149.449,222234,3
352,Living in the same time,Naul,0.447,0.504,0,-6.472,1,0.0395,0.861,0.334,133.632,250480,4
353,Two Lovers,"DAVICHI, Mad Clown",0.534,0.755,7,-4.417,1,0.156,0.287,0.754,178.114,225750,4
354,PARTY,Girls' Generation,0.753,0.887,10,-2.975,0,0.0359,0.111,0.946,122.981,193814,4
355,ì´ëŸ´ê±°ë©´ ê·¸ëŸ¬ì§€ë§ì§€ Shouldn't Haveâ€¦ (feat. Young K),Baek A Yeon,0.496,0.639,6,-3.145,1,0.0809,0.712,0.442,170.917,212762,3
356,Eat,Zion.T,0.662,0.293,4,-11.311,1,0.124,0.494,0.297,91.154,161618,4
357,Ordinary Love (feat. Park Boram),"Park Kyung, Park Boram",0.739,0.706,9,-6.534,1,0.152,0.219,0.558,144.112,232867,4
358,ë°ìž-ë¶€ (DÃ©jÃ -Boo),"JONGHYUN, Zion.T",0.818,0.748,5,-4.296,1,0.148,0.122,0.801,108.117,209176,4
359,Dumb Dumb,Red Velvet,0.778,0.789,7,-4.297,0,0.0503,0.0334,0.799,145.99,202543,4
360,Ah Yeah,EXID,0.762,0.939,11,-2.688,0,0.054,0.0483,0.428,117.986,199643,4
361,Chained Up,VIXX,0.728,0.941,9,-2.044,0,0.188,0.0955,0.924,92.065,192922,4
362,DADDY,"PSY, CL",0.762,0.869,6,-3.287,0,0.13,0.0793,0.747,132.05,230635,4
363,Up & Down,EXID,0.714,0.812,7,-2.703,1,0.0351,0.00189,0.377,112.018,189882,4
364,Overdose,EXO-K,0.498,0.917,5,-1.797,0,0.164,0.0615,0.652,112.357,205612,5
365,200%,"AKMU, ë¡œë¹ˆ, ì´ì°¬í˜, LEE SUHYUN",0.853,0.638,1,-4.911,1,0.0536,0.379,0.872,102.064,193321,4
366,ë³´ë¦„ë‹¬,"SUNMI, Lena",0.505,0.958,8,-3.202,0,0.337,0.264,0.743,176.016,202180,4
367,"ëˆˆ,ì½”,ìž… (Eyes, Nose, Lips)",TAEYANG,0.63,0.516,0,-5.759,1,0.0379,0.736,0.254,143.786,229990,4
368,Mr.Mr.,Girls' Generation,0.701,0.964,4,-2.037,0,0.127,0.114,0.484,113.058,235434,4
369,í—¤í”ˆì—”ë”© Happen Ending,"Epik High, Joe Won Sun",0.827,0.636,11,-5.78,0,0.0427,0.0401,0.587,100.007,264349,4
370,BEAUTIFUL,"Park Boram, ZICO",0.763,0.802,0,-2.533,1,0.0553,0.165,0.924,129.972,209464,4
371,ê´‘í™”ë¬¸ì—ì„œ (At Gwanghwamun),KYUHYUN,0.53,0.375,3,-6.268,1,0.0285,0.72,0.204,135.821,282806,4
372,GOOD BOY,GD X TAEYANG,0.745,0.825,1,-3.162,0,0.0352,0.000875,0.242,94.998,245192,4
373,HER,Block B,0.646,0.897,8,-2.057,1,0.193,0.0453,0.86,162.017,179053,4
374,I'm Different,"HI SUHYUN, BOBBY",0.851,0.845,2,-2.293,0,0.0341,0.119,0.949,109,214254,4
375,ê³µí—ˆí•´ empty,WINNER,0.619,0.698,0,-6.618,1,0.042,0.146,0.575,90.055,220358,4
376,COME BACK HOME,2NE1,0.572,0.84,0,-3.349,0,0.126,0.155,0.146,149.864,229627,4
377,Difficult Woman,Jang Beom June,0.712,0.74,11,-4.423,1,0.0445,0.102,0.747,119.959,231907,4
378,Sleepless Night (feat. Punch),"Crush, Punch",0.599,0.575,10,-5.792,1,0.0315,0.449,0.491,151.994,237539,4
379,Every moment of you ë„ˆì˜ ëª¨ë“  ìˆœê°„,Sung Si Kyung,0.366,0.385,10,-7.952,1,0.0336,0.816,0.244,139.982,243324,4
380,Wild Flower,Park Hyo Shin,0.281,0.322,8,-9.145,1,0.0309,0.722,0.247,134.699,314254,3
381,ì‚¬ëž‘ì— ë¹ ì§€ê³  ì‹¶ë‹¤,Jung Seung Hwan,0.511,0.0703,3,-15.846,1,0.0436,0.795,0.203,122.449,145334,4
382,Wind that Blows,M.C the Max,0.315,0.429,8,-6.856,1,0.0353,0.476,0.155,144.18,238465,4
383,No Answer,Hong Dae Kwang,0.585,0.77,10,-4.434,0,0.114,0.46,0.373,87.893,244752,4
384,Good bye ì•ˆë…•,Hyolyn,0.581,0.446,10,-8.412,1,0.0297,0.766,0.395,79.975,218920,4
385,I Love You Too,"Drunken Tiger, Yoon Mirae",0.599,0.696,1,-3.771,1,0.397,0.511,0.714,86.076,193400,4
386,Canâ€™t hide it,15&,0.588,0.744,6,-3.199,0,0.0586,0.133,0.648,96.03,184327,4
387,Good-night Kiss,Jun Hyo Seong,0.73,0.793,7,-4.605,1,0.0889,0.0676,0.716,132.987,205584,4
388,HAPPY TOGETHER,Park Hyo Shin,0.453,0.505,8,-7.891,1,0.0493,0.72,0.194,85.693,252140,4
389,ì‚¬ëž‘ì— ë¹ ì§€ê³  ì‹¶ë‹¤,Jung Seung Hwan,0.511,0.0703,3,-15.846,1,0.0436,0.795,0.203,122.449,145334,4
390,Three of Us,"TOY, Sung Si Kyung",0.494,0.671,5,-4.599,0,0.0365,0.529,0.33,88.972,285585,4
391,Good Luck,Beast,0.565,0.938,10,-2.756,0,0.106,0.094,0.577,100.043,202162,4
392,ìš°ì‚° (feat. ìœ¤í•˜),"Epik High, Younha",0.744,0.71,6,-5.939,1,0.0279,0.393,0.346,113.003,301720,4
393,Growl,EXO,0.681,0.814,11,-2.83,0,0.0603,0.145,0.876,89.993,207053,4
394,What's your name?,4Minute,0.738,0.889,11,-3.019,0,0.073,0.185,0.914,115.041,186776,4
395,CROOKED,G-DRAGON,0.665,0.919,2,-3.211,1,0.0922,0.00191,0.782,129.962,224793,4
396,Dream Girl,SHINee,0.724,0.939,11,-0.698,0,0.0736,0.0429,0.732,124.063,180165,4
397,I GOT A BOY,Girls' Generation,0.502,0.863,4,-1.273,0,0.272,0.0342,0.527,97.911,271326,4
398,ì²« ì‚¬ëž‘ë‹ˆ (Rum Pum Pum Pum),f(x),0.774,0.819,11,-2.976,1,0.0383,0.509,0.543,119.984,197672,4
399,Johnny,"Primary, Dynamicduo",0.737,0.605,1,-4.557,1,0.151,0.269,0.802,99.905,234292,4
400,BAAAM,"Dynamicduo, Muzie",0.61,0.8,7,-5.544,1,0.212,0.0443,0.682,99.193,220880,4
401,All Right,Lim Kim,0.756,0.888,1,-6.375,1,0.0387,0.337,0.948,125.887,208620,4
402,Rose,LeeHi,0.756,0.675,2,-6.619,1,0.0374,0.0446,0.401,124.977,222288,4
403,Crescendo,AKMU,0.77,0.731,6,-6.249,1,0.0645,0.0615,0.275,131.932,166257,4
404,My Love,Lee Seung Chul,0.452,0.372,9,-7.657,1,0.027,0.781,0.554,147.921,231834,4
405,"Love, At First",Busker Busker,0.522,0.526,2,-6.907,1,0.0375,0.333,0.345,161.903,242110,4
406,Bom Bom Bom,Roy Kim,0.636,0.719,4,-5.986,1,0.0267,0.392,0.603,94.993,208467,4
407,Bounce,Cho Yong Pil,0.811,0.641,0,-3.159,1,0.0369,0.269,0.827,125.003,183988,4
408,With Laughter or With Tears,Seo In Guk,0.614,0.486,7,-5.961,1,0.0445,0.733,0.222,66.038,194650,4
409,ê±°ë¶ì´,DAVICHI,0.7,0.719,10,-6.707,1,0.0402,0.323,0.502,117.994,225093,4
410,ì–´ëŠ ë´„ë‚  One Spring Day,2AM,0.581,0.462,4,-6.329,1,0.0283,0.451,0.359,133.995,234095,4
411,ì²­í˜¼í•˜ëŠ” ê±°ì˜ˆìš”,4MEN,0.478,0.55,9,-6.645,1,0.0383,0.572,0.271,126.002,249457,4
412,If It Ain't Love (feat. Ailee),"Verbal Jint, AILEE",0.697,0.893,4,-4.318,1,0.23,0.278,0.558,81.985,220500,4
413,JOAH - Remastered,"Jay Park, Remastered",0.52,0.9,11,-4.193,1,0.263,0.38,0.721,171.954,230088,4
414,You Can Stay,"Supreme Team, Crush",0.604,0.855,11,-4.211,0,0.264,0.348,0.692,94.79,225695,4
415,Miss Korea,Lee Hyori,0.735,0.593,7,-5.375,0,0.0364,0.558,0.697,127.045,235625,4
416,24ì‹œê°„ì´ ëª¨ìžë¼,SUNMI,0.739,0.782,1,-3.964,1,0.103,0.00549,0.604,125.94,201590,4
417,Hush,miss A,0.769,0.807,5,-3.453,0,0.0494,0.275,0.673,125.999,186800,4
418,ê¸°ëŒ€í•´,Girl's Day,0.72,0.949,0,-1.242,1,0.0925,0.136,0.822,126.969,196813,4
419,VOODOO DOLL,VIXX,0.567,0.952,4,-1.553,0,0.103,0.145,0.509,128.985,216226,4
420,YooHoo,Secret,0.757,0.892,2,-2.414,1,0.0671,0.109,0.902,151.07,204696,4
421,How are you (feat.Harim),Geeks,0.757,0.787,10,-4.834,0,0.0503,0.125,0.893,97.992,226743,4
422,Gangnam Style (ê°•ë‚¨ìŠ¤íƒ€ì¼),PSY,0.727,0.937,11,-2.871,0,0.286,0.00417,0.749,132.067,219493,4
423,Fantastic Baby,BIGBANG,0.725,0.841,2,-3.924,1,0.0545,0.002,0.582,130.013,230573,4
424,Like this,Wonder Girls,0.702,0.864,1,-4.24,1,0.309,0.0106,0.734,194.083,192738,4
425,Crayon,G-DRAGON,0.718,0.934,11,-3.787,0,0.169,0.046,0.308,132.017,196920,4
426,Sherlock (Clue + Note),SHINee,0.64,0.937,1,-2.112,1,0.0839,0.0069,0.316,107.013,239187,4
427,History,EXO-K,0.753,0.808,1,-3.264,1,0.0812,0.000252,0.603,110.856,209801,4
428,Electric Shock,f(x),0.757,0.898,5,-1.632,0,0.0327,0.0927,0.537,125.029,196947,4
429,Catch Me,TVXQ!,0.691,0.864,6,-1.53,0,0.0786,0.00555,0.487,127.98,278616,4
430,"Sexy, Free & Single",SUPER JUNIOR,0.75,0.919,1,-3.323,1,0.0327,0.000984,0.718,114.944,223882,4
431,Venus,SHINHWA,0.712,0.881,6,-5.362,1,0.036,0.0784,0.821,125.989,217171,4
432,She`s Gone,December,0.644,0.852,1,-3.188,0,0.0339,0.0236,0.795,100.005,233222,4
433,I LOVE YOU,2NE1,0.711,0.837,0,-4.277,0,0.038,0.0242,0.563,125.074,237138,4
434,"1, 2, 3, 4",LeeHi,0.905,0.649,5,-4.116,1,0.0473,0.368,0.955,115.962,214274,4
435,ì¶¥ë‹¤ Itâ€™s Cold,"Epik High, LeeHi",0.759,0.659,6,-5.695,1,0.0408,0.514,0.422,111.989,250807,4
436,Back In Time - Instrumental,"Lyn, Jeon Hayeoung",0.433,0.341,11,-10.077,0,0.0271,0.155,0.0426,73.048,206600,4
437,Memory Of The Wind,Naul,0.279,0.43,8,-7.412,1,0.0308,0.633,0.147,133.443,308187,4
438,ë„ˆë„ ë‚˜ì²˜ëŸ¼ I Wonder If You Hurt Like Me,2AM,0.59,0.48,6,-6.599,1,0.0305,0.76,0.14,127.919,228454,4
439,When I Can't Sing (ë‚´ê°€ ë…¸ëž˜ë¥¼ ëª»í•´ë„),SE7EN,0.664,0.599,0,-6.238,1,0.0282,0.486,0.704,143.924,235427,4
440,Only One,BoA,0.641,0.645,0,-6.54,1,0.0366,0.136,0.546,90.027,217085,4
441,ë„ˆë¿ì´ì•¼ You're the One,J.Y. Park,0.755,0.724,11,-4.13,0,0.0425,0.0361,0.692,97.01,202249,4
442,á„Žá…®á†¼á„‡á…®á†«á„’á…µ á„‹á…¨á„ˆá…¥ You Deserve Better (Beautiful Enough),"Verbal Jint, Sanchez",0.586,0.69,8,-5.106,0,0.261,0.277,0.625,79.551,225880,4
443,Without You,Dynamicduo,0.647,0.632,1,-6.446,0,0.203,0.344,0.734,84.717,239794,4
444,question mark,"Primary, CHOIZA, Zion.T",0.702,0.733,3,-3.527,0,0.12,0.216,0.926,96.02,194116,4
445,Cherry Blossom Ending,Busker Busker,0.621,0.669,9,-5.303,1,0.0312,0.739,0.663,119.947,260518,4
446,All For You,"Seo In Guk, JEONG EUN JI",0.477,0.756,2,-3.986,1,0.0615,0.38,0.43,207.792,248190,4
447,ë‚¨ìž ì—†ì´ ìž˜ ì‚´ì•„,miss A,0.753,0.757,0,-4.004,1,0.0366,0.0202,0.893,155.993,210705,4
448,Twinkle,Girls' Generation-TTS,0.809,0.883,1,-2.1,0,0.0498,0.239,0.962,110.034,206732,4
449,WARRIOR,B.A.P,0.688,0.957,8,-1.184,1,0.0831,0.0297,0.305,105.015,206904,4
450,Lovey-Dovey,T-ARA,0.796,0.742,6,-4.117,0,0.0631,0.0704,0.545,128.063,215249,4
451,ì•„ë¦„ë‹¤ìš´ ë°¤ (Beautiful Night) [Originally Performed By Ulala Session] - Karaoke,Groove Edition,0.418,0.929,1,-6.386,1,0.0371,0.000367,0.22,173.917,223399,4
452,Keep Your Head Down,TVXQ!,0.672,0.967,5,-2.239,0,0.321,0.0807,0.563,154.116,240880,4
453,Roly-Poly,T-ARA,0.832,0.848,7,-7.407,1,0.0545,0.0919,0.901,130.004,214427,4
454,Hands Up,2PM,0.818,0.823,3,-5.88,0,0.0398,0.00118,0.626,124.975,198199,4
455,Be Mine,INFINITE,0.688,0.926,10,-3.027,0,0.0607,0.00194,0.756,129.985,206653,4
456,Tonight,BIGBANG,0.669,0.855,3,-4.46,0,0.0445,0.00999,0.25,129.909,222413,4
457,Mr. Simple,SUPER JUNIOR,0.913,0.745,1,-2.837,1,0.0506,0.000219,0.795,127.996,241827,4
458,High High,GD&TOP,0.7,0.864,5,-4.505,1,0.0645,0.00734,0.561,129.999,186175,4
459,Hot Summer,f(x),0.769,0.966,2,-1.484,1,0.0292,0.00431,0.783,123.019,225787,4
460,Good-bye Baby,miss A,0.77,0.817,8,-4.088,0,0.0431,0.0485,0.729,138.054,225574,4
461,Crazy,"Song Ji Eun, BANG YONGGUK",0.542,0.712,6,-4.653,1,0.114,0.305,0.235,169.852,230728,4
462,ì œë°œ,Kim Bum Soo,0.451,0.317,0,-7.328,0,0.0394,0.593,0.153,122.402,281875,4
463,Lonely,2NE1,0.588,0.568,4,-2.787,1,0.0271,0.225,0.393,94.83,209987,4
464,Be My Baby,Wonder Girls,0.62,0.829,1,-5.511,1,0.069,0.105,0.431,165.027,211812,4
465,ë°˜ì§ë°˜ì§,Girl's Day,0.708,0.885,8,-2.39,1,0.0523,0.0422,0.44,149.98,186000,4
466,Shy Boy,Secret,0.659,0.817,0,-3.447,1,0.218,0.106,0.858,174.003,218084,4
467,The Boys,Girls' Generation,0.876,0.937,1,-0.593,0,0.093,0.162,0.902,114.982,226907,4
468,Sixth Sense,Brown Eyed Girls,0.673,0.933,5,-1.414,0,0.169,0.0279,0.662,127.905,227866,4
469,ì¢‹ì•„ë³´ì—¬ (feat. ê²€ì •ì¹˜ë§ˆ),"Verbal Jint, The Black Skirts",0.782,0.878,10,-3.506,0,0.25,0.233,0.641,87.998,208253,4
470,In Heaven - Narration ê¹€ì •ì€ Version,JYJ,0.506,0.572,3,-6.871,0,0.0433,0.295,0.297,75.921,288589,4
471,ê·¸ ë‚¨ìž ê·¸ ì—¬ìž,"4MEN, MIIII",0.451,0.503,4,-5.446,0,0.0443,0.731,0.155,132.566,251387,4
472,The Love,Lim Jae Bum,0.431,0.412,1,-6.406,1,0.0284,0.662,0.189,129.584,276747,4
473,Even Now,Sung Si Kyung,0.398,0.465,6,-5.9,1,0.0307,0.818,0.212,134.036,232060,4
474,ì´ì   ê·¸ëž¬ìœ¼ë©´ ì¢‹ê² ë„¤,Lena Park,0.39,0.314,8,-8.157,1,0.0328,0.823,0.278,126.75,302329,4
475,Someday - Piano Arrangement,Shin Giwon Piano,0.806,0.35,9,-17.327,1,0.0465,0.99,0.625,100.018,252900,4
476,ì•ˆë…•ì´ë¼ê³  ë§í•˜ì§€ë§ˆ,DAVICHI,0.684,0.712,10,-2.963,1,0.0291,0.413,0.49,113.98,231800,4
477,ê°€ìŠ´ ì‹œë¦° ì´ì•¼ê¸° : Originally Performed By íœ˜ì„± Karaoke Verison,ì½”ì¼€,0.442,0.632,9,-13.852,1,0.0298,0.464,0.555,102.005,203240,4
478,ì„œìª½ í•˜ëŠ˜,Lee Seung Chul,0.41,0.463,7,-6.913,0,0.0292,0.607,0.116,109.975,243933,4
479,You are the best of my life(47294),KY Noraebang,0.541,0.888,5,-6.139,1,0.0296,0.0875,0.662,145.95,191565,4
480,ë°©ì½•ì‹œí‹° : Originally Performed By ì˜¤ë Œì§€ìº¬ë¼ë©œ Karaoke Verison,ì½”ì¼€,0.616,0.573,4,-15.002,0,0.029,0.292,0.794,131.987,172733,4
481,I Need a Girl,"TAEYANG, G-DRAGON",0.706,0.553,11,-6.748,1,0.0531,0.44,0.512,115.044,220133,4
482,Hurricane Venus,BoA,0.734,0.828,9,-1.692,0,0.0885,0.0399,0.694,112.02,190400,4
483,Go Away,2NE1,0.73,0.797,11,-2.135,1,0.0394,0.0536,0.575,127.985,219453,4
484,LUCIFER,SHINee,0.75,0.914,11,-1.819,0,0.0518,0.0323,0.866,125.034,233987,4
485,Right Now,PSY,0.71,0.835,10,-2.502,0,0.0366,0.0022,0.483,124.996,203827,4
486,ë¯¸ì¸ì•„ Bonamana,SUPER JUNIOR,0.79,0.911,11,-1.756,0,0.074,0.000444,0.876,125.012,239187,4
487,NU ABO,f(x),0.703,0.773,10,-3.529,0,0.0629,0.0186,0.392,95.007,224333,4
488,ë„ˆ ë•Œë¬¸ì— ë¯¸ì³,T-ARA,0.709,0.639,10,-7.063,0,0.0399,0.00244,0.439,135.013,194587,4
489,2 Different Tears,Wonder Girls,0.796,0.697,8,-6.363,0,0.0402,0.0969,0.745,124.025,204080,4
490,Bad Girl Good Girl,miss A,0.793,0.805,10,-4.224,1,0.0438,0.1,0.507,135.987,217560,4
491,ì‹œê°„ì•„ ë©ˆì¶°ë¼,DAVICHI,0.384,0.921,10,-3.015,1,0.118,0.0377,0.307,142.643,204827,4
492,ì£½ì–´ë„ ëª» ë³´ë‚´,2AM,0.567,0.776,2,-3.102,1,0.0323,0.21,0.54,136.831,195906,4
493,Run,Epik High,0.605,0.928,9,-5.056,1,0.0717,0.0699,0.563,79.983,210387,4
494,Propose ê³ ë°±,Hot Potato,0.705,0.55,9,-5.259,1,0.0288,0.334,0.34,115.988,233613,4
495,Love U,Seo In Guk,0.725,0.815,11,-4.146,0,0.0352,0.105,0.618,147.983,198680,4
496,Oh!,Girls' Generation,0.759,0.966,2,-2.207,0,0.0416,0.0218,0.44,143.987,188533,4
497,Magic,Secret,0.777,0.895,1,-3.915,1,0.0439,0.0112,0.61,107.031,203599,4
498,Better Together,SE7EN,0.782,0.813,8,-3.788,1,0.0384,0.00971,0.789,119.999,218120,4
499,Y,MBLAQ,0.955,0.793,10,-4.828,0,0.142,0.0298,0.875,122.952,208523,4
500,ì§„ì§œì¼ ë¦¬ ì—†ì–´ It Canâ€™t Be Real,Lim Jung Hee,0.577,0.841,1,-3.23,1,0.218,0.564,0.304,143.758,193240,4
501,I'll Be Back,2PM,0.802,0.903,5,-5.071,0,0.0508,0.00793,0.664,130.003,214479,4
502,Love You Forever,Gummy,0.422,0.524,10,-8.244,1,0.0409,0.675,0.205,135.81,259587,4
503,The woman,Baek Ji Young,0.611,0.446,6,-6.753,1,0.0407,0.776,0.184,139.846,273996,4
504,If It's the Same,BROWN EYED SOUL,0.657,0.48,8,-6.486,1,0.0467,0.575,0.495,77.006,263760,4
505,ë³¸ëŠ¥ì ìœ¼ë¡œ,Yoon Jong Shin,0.65,0.866,10,-4.197,0,0.0421,0.592,0.585,99.985,191293,4
506,ê²°í˜¼ê¹Œì§€ ìƒê°í–ˆì–´,Various Artists,0.624,0.725,5,-6.808,1,0.0299,0.28,0.461,93.023,212520,4
507,ì£½ì„ ë§Œí¼ ì•„íŒŒì„œ : Originally Performed By MCëª½ Karaoke Verison,ì½”ì¼€,0.543,0.609,7,-14.156,0,0.0286,0.509,0.313,120.014,265826,4
508,ì–¸ì œë‚˜,ë°œë¼ë“œì‹±ì–´,0.353,0.775,11,-3.292,1,0.0367,0.101,0.456,157.259,230087,4
509,Chitty Chitty Bang Bang,Various Artists,0.688,0.885,6,-7.73,1,0.272,0.0158,0.676,176.149,203456,4
510,Gee,Girls' Generation,0.749,0.923,1,-1.014,0,0.0277,0.292,0.727,99.975,202200,4
511,Heartbreaker,G-DRAGON,0.775,0.792,0,-3.746,0,0.0613,0.0995,0.45,134.959,202547,4
512,Ring Ding Dong,SHINee,0.835,0.934,1,-1.258,1,0.0431,0.125,0.811,124.98,233280,4
513,Fire,2NE1,0.866,0.738,11,-3.493,0,0.0814,0.00615,0.683,126.013,222840,4
514,Sunset Glow,BIGBANG,0.756,0.87,8,-2.27,1,0.0543,0.0896,0.618,124.983,204920,4
515,Abracadabra,Brown Eyed Girls,0.803,0.973,5,-2.343,1,0.0953,0.0224,0.794,128.022,182308,4
516,"ì˜ë¦¬ ì˜ë¦¬ Sorry, Sorry",SUPER JUNIOR,0.706,0.972,11,-2.359,0,0.0352,0.0226,0.962,129.946,232333,4
517,Heartbeat-Japanese ver.-,2PM,0.733,0.809,1,-5.765,1,0.214,0.0219,0.558,134.94,193560,4
518,"í—¤ì–´ì§€ì§€ ëª»í•˜ëŠ” ì—¬ìž, ë– ë‚˜ê°€ì§€ ëª»í•˜ëŠ” ë‚¨ìž Can't Breakup Girl, Can't Breakaway Boy (feat. ì •ì¸ Jung In)","Leessang, Jung In",0.523,0.841,10,-2.505,0,0.331,0.15,0.383,173.903,284627,4
519,True Romance (Feat. T),Drunken Tiger,0.716,0.831,9,-5.349,0,0.254,0.312,0.767,104.921,205845,4
520,Guilty,Dynamicduo,0.755,0.665,1,-5.643,1,0.335,0.133,0.961,90.041,224893,4
521,ë‚´ ë¨¸ë¦¬ê°€ ë‚˜ë¹ ì„œ,SS501,0.743,0.66,11,-5.223,0,0.0341,0.251,0.572,112.967,263040,4
522,After Love,Park Hyo Shin,0.329,0.597,2,-4.781,1,0.0378,0.707,0.25,145.466,230200,5
523,ì¹œêµ¬ì˜ ê³ ë°±,2AM,0.672,0.396,7,-8.521,1,0.0329,0.31,0.301,88.001,256158,4
524,Rain and You,Rumble Fish,0.562,0.315,0,-7.929,1,0.0304,0.855,0.131,70.978,247973,4
525,I miss your love so much,Zia,0.408,0.754,9,-4.487,1,0.0796,0.524,0.484,190.07,240380,4
526,Nothing Better,BROWN EYED SOUL,0.547,0.106,10,-14.856,1,0.0387,0.969,0.288,95.572,263533,4
527,Not Even A Call,Wax,0.569,0.726,11,-4.021,1,0.0452,0.439,0.527,90.065,231067,4
528,êµ¬ì†,Fly to the Sky,0.331,0.742,7,-3.246,1,0.0638,0.472,0.204,181.809,246427,3
529,2008 One Two - ëª»ëœ ì—¬ìž,One Two,0.594,0.51,9,-5.914,1,0.0588,0.111,0.686,208.064,221051,4
530,8282,DAVICHI,0.561,0.675,2,-5.6,1,0.0783,0.0806,0.277,143.037,219160,3
531,LA chA TA,f(x),0.828,0.898,0,-2.429,1,0.042,0.0633,0.914,113.948,194040,4
532,Bo Peep Bo Peep,T-ARA,0.824,0.95,5,-4.163,0,0.0308,0.00974,0.97,128.031,225040,4
533,Mr.,KARA,0.781,0.991,4,-1.502,0,0.069,0.0589,0.805,126.063,193613,4
534,Am I too easy?,U-KISS,0.758,0.893,7,-3.914,1,0.0511,0.0298,0.657,126.02,211517,4
535,Love.. All it was lie - 2014 live Version,Lyn,0.751,0.257,5,-14.677,0,0.0903,0.936,0.215,117.966,271344,4
536,ì‚¬ëž‘í•´ : Originally Performed By SGì›Œë„ˆë¹„ Karaoke Verison,ì½”ì¼€,0.451,0.518,2,-12.92,1,0.0325,0.0206,0.581,94.987,225210,4
537,ë§ˆìŒìœ¼ë¡œ í•˜ëŠ” ë§ : Originally Performed By í”„ë¦¬ìŠ¤íƒ€ì¼ Karaoke Verison,ì½”ì¼€,0.541,0.374,11,-13.359,1,0.0631,0.736,0.559,200.022,254408,4
538,ë¶€ë¥¸ë‹¤ (Calling You) [In the Style of Seo In Guk] - Karaoke,Groove Edition,0.823,0.569,1,-7.338,1,0.0748,0.186,0.612,84.006,202919,4
539,Haru Haru,BIGBANG,0.687,0.914,6,-5.02,1,0.0437,0.166,0.675,126.001,256360,4
540,MIROTIC,TVXQ!,0.722,0.784,1,-2.411,0,0.0408,0.049,0.705,99.985,208467,4
541,So Hot,Wonder Girls,0.879,0.695,1,-5.87,0,0.0521,0.0192,0.963,139.985,181328,4
542,Pretty Girl,KARA,0.735,0.93,5,-2.816,1,0.0743,0.00945,0.661,133.957,209920,4
543,Last Farewell,BIGBANG,0.703,0.934,6,-2.92,0,0.167,0.0462,0.821,135.02,231800,4
544,Farewell Under the Sun,"J.Y. Park, SunYe",0.522,0.585,7,-6.379,1,0.0397,0.738,0.0957,139.571,271907,4
545,Kissing You,Girls' Generation,0.75,0.817,8,-2.541,1,0.0361,0.639,0.762,117.991,199240,4
546,Replay,SHINee,0.724,0.792,1,-2.219,1,0.084,0.149,0.58,100.009,216453,4
547,One (feat. ì§€ì„ ),"Epik High, ì§€ì„ ",0.742,0.783,1,-4.294,1,0.0368,0.0765,0.594,135.02,230320,4
548,Only Look At Me,TAEYANG,0.704,0.681,2,-5.199,1,0.0333,0.258,0.888,140.07,240920,4
549,Flowerpot,Alex,0.559,0.399,11,-9.215,1,0.0252,0.0488,0.229,140.002,261799,4
550,ë“¤ë¦¬ë‚˜ìš”â€¦,TAEYEON,0.428,0.464,10,-6.431,1,0.033,0.797,0.163,133.459,242227,4
551,D.I.S.C.O (Feat. T.O.P),"Uhm Jung Hwa, T.O.P.",0.823,0.879,4,-4.058,0,0.0511,0.17,0.947,122.95,205160,4
552,Nobody,Wonder Girls,0.882,0.786,3,-7.383,0,0.075,0.102,0.95,130.978,212533,4
553,Sunset Glow,BIGBANG,0.756,0.87,8,-2.27,1,0.0543,0.0896,0.618,124.983,204920,4
554,ê°€ìŠ´ìœ¼ë¡œ ì™¸ì³,"Monday Kiz, Rhymer",0.528,0.849,11,-2.759,0,0.0379,0.388,0.683,90.064,218867,4
555,1ë¶„ 1ì´ˆ (feat. íƒ€ë£¨),"Epik High, Taru",0.713,0.802,4,-6.162,0,0.151,0.282,0.34,77.481,268133,4
556,ìŠ¬í”ˆ ë‹¤ì§,DAVICHI,0.685,0.723,7,-4.724,0,0.0604,0.269,0.843,119.932,215467,4
557,I'm Sorry (Feat. T.O.P),"Gummy, T.O.P.",0.751,0.675,5,-8.33,1,0.0482,0.0407,0.685,125.029,236560,4
558,ì‚¬ëž‘ê³¼ ì „ìŸ í•˜í•˜ Narration,DAVICHI,0.65,0.857,1,-5.382,0,0.0573,0.0629,0.837,131.953,259373,4
559,There is no regret,Noblesse,0.643,0.867,7,-5.973,1,0.354,0.128,0.474,170.212,260078,4
560,ì´ë…¸ëž˜,2AM,0.679,0.333,8,-9.372,1,0.0415,0.814,0.141,133.747,244520,4
561,U Go Girl,Various Artists,0.815,0.78,1,-6.9,1,0.0906,0.0885,0.891,100.981,188723,4
562,Time Walking on Memories,NELL,0.399,0.331,10,-9.221,1,0.0478,0.858,0.193,171.208,389853,4
563,ê°€ì§€ë§ˆ ê°€ì§€ë§ˆ (ì•ˆë…•? ë‚œ ê±´ì´ë¼ê³ í•´~ ë…ìˆ˜ë¦¬ ê±´),ì•ˆë…•? ë‚œ ê±´ì´ë¼ê³ í•´~ ë…ìˆ˜ë¦¬ ê±´,0.219,0.513,0,-5.697,1,0.0306,0.697,0.155,62.395,296713,4
564,Hey Mr. Big : Originally Performed By ì´íš¨ë¦¬ Karaoke Verison,ì½”ì¼€,0.606,0.667,1,-14.696,0,0.0327,0.391,0.712,142.061,191344,4
565,ìŠ¬í”ˆë°œê±¸ìŒ (êµ¬ë‘2) [Sad Steps] [In the Style of Seeya] - Karaoke,Groove Edition,0.491,0.342,11,-6.961,0,0.0297,0.272,0.0607,140.014,275383,4
566,ë¼ë¼ë¼,ë°œë¼ë“œê°€ìˆ˜ë“¤,0.347,0.835,0,-3.821,1,0.0894,0.144,0.53,198.071,274625,4
567,ë³´ê³ ì‹¶ì€ ë‚ ì—”,Various Artists,0.754,0.615,11,-7.686,0,0.047,0.494,0.45,113.029,207557,4
568,ì‚¬ëž‘ì˜ ì¸ì‚¬,ë°œë¼ë“œê°€ìˆ˜ë“¤,0.512,0.659,8,-5.381,1,0.0406,0.467,0.173,100.994,270106,4
569,Tell me (Sampling From `Two Of Hearts`),Wonder Girls,0.792,0.924,6,-6.866,0,0.0327,0.104,0.968,127.003,217000,4
570,Into the New World,Girls' Generation,0.708,0.892,4,-1.964,0,0.0349,0.0706,0.623,108.031,265760,4
571,Lies,BIGBANG,0.781,0.849,6,-5.644,1,0.0568,0.159,0.665,124.986,229120,4
572,Maria,Kim Ah Joong,0.637,0.733,11,-3.748,1,0.0357,0.00226,0.657,80.056,187687,4
573,arirang,SG Wannabe,0.609,0.717,1,-5.539,1,0.04,0.271,0.442,105.02,290480,3
574,ì‚¬ëž‘..ê·¸ê²Œ ë­”ë°,Yangpa,0.448,0.527,1,-4.718,1,0.0325,0.768,0.294,135.603,238393,4
575,ë°°ë°˜,BIG MAMA,0.503,0.553,6,-6.089,0,0.0375,0.599,0.131,135.739,205740,4
576,The House You Live,J.Y. Park,0.787,0.587,1,-5.593,0,0.0368,0.127,0.844,93.987,227387,4
577,Ballerino,Leessang,0.685,0.779,7,-4.467,0,0.0536,0.217,0.717,95.026,267320,4
578,Fan,Epik High,0.627,0.845,11,-3.397,0,0.104,0.0596,0.78,166.013,224480,4
579,ëˆ ëˆ! Don't Don,SUPER JUNIOR,0.689,0.928,2,-1.273,1,0.0774,0.00464,0.65,105.084,252027,4
580,Dirty Cash,BIGBANG,0.856,0.924,11,-2.375,0,0.119,0.0701,0.948,129.917,194280,4
581,Into the New World,Girls' Generation,0.699,0.908,7,-2.108,1,0.0334,0.0531,0.6,108.023,267320,4
582,ì‚¬ëž‘ì€ ë§›ìžˆë‹¤,Realslow,0.85,0.822,7,-4.668,1,0.0988,0.106,0.767,111.998,233091,4
583,ë¹„ë°€ë²ˆí˜¸ 486,Younha,0.622,0.882,9,-2.886,1,0.105,0.0867,0.726,136.926,228153,4
584,Will You Come to Me Again?,Rumble Fish,0.663,0.621,10,-8.087,1,0.0421,0.475,0.261,114.057,215347,4
585,ê°€ê±°ë¼ ì‚¬ëž‘ì•„,Seo Moon Tak,0.472,0.63,8,-4.616,0,0.0275,0.00133,0.42,75.019,274893,4
586,ì´ëŸ´ê±°ë©´,IVY,0.46,0.514,7,-5.45,1,0.0373,0.712,0.232,135.183,233430,4
587,ë‚¨ìžì•¼,Monday Kiz,0.388,0.611,10,-5.111,0,0.0357,0.59,0.182,133.995,248816,4
588,A Goose's Dream (MR),Insooni,0.607,0.311,4,-11.876,1,0.0283,0.194,0.171,136.01,343612,4
589,ë¬¼ë“¤ì–´,BMK,0.352,0.383,2,-7.601,1,0.0356,0.718,0.0818,132.392,253936,4
590,ë°”ë³´ì²˜ëŸ¼,Bubble Sisters,0.502,0.451,7,-6.784,1,0.0283,0.625,0.194,125.802,251181,4
591,ë¹„í–‰ì†Œë…€ : Originally Performed By ë§ˆê³¨í”¼ Karaoke Verison,ì½”ì¼€,0.598,0.433,4,-16.759,1,0.0311,0.199,0.404,125.01,268083,4
592,í†µì¦,ë°œë¼ë“œê°€ìˆ˜ë“¤,0.612,0.734,10,-6.197,0,0.0855,0.495,0.383,95.896,229094,4
593,ë´„ì´ì—¬ ì˜¤ë¼ : Originally Performed By MC ìŠ¤ë‚˜ì´í¼ Karaoke Verison,ì½”ì¼€,0.451,0.393,1,-17.205,1,0.0303,0.00984,0.717,83.991,225466,4
594,ëœ¨ê±°ìš´ ì•ˆë…•,Various Artists,0.631,0.71,3,-6.359,0,0.03,0.0347,0.529,126.925,284305,4
595,ê°™ì€ ë² ê°œ,ê°€ìˆ˜ì—°í•©,0.378,0.554,2,-5.318,1,0.0334,0.372,0.151,163.896,263497,4
